Cas1;Standardized 11;Standardized 21;Cas2;Standardized 12;Standardized 22;Cas3;Standardized 13;Standardized 23;Cas4;Standardized 14;Standardized 24;Cas5;Standardized 15;Standardized 25
0;0;0;0;0;0;0;0;0;0;0;0;0;0;0
0,51;0;0;0,521;0;0;0,51;0;0;0,522;0;0;0,512;0;0
1,03;0;0;1,047;0;0;1,026;0;0;1,04;0;0;1,019;0;0
1,54;0;0;1,556;0;0;1,535;0;0;1,548;0,000822368;0;1,529;0,004814305;0
2,06;0,037096774;0;2,066;0;0;2,045;0;0;2,058;0,000822368;0;2,036;0,291609354;-0,000692521
2,56;0,030645161;0;2,576;0;0;2,564;0;0;2,57;0,106907895;0;2,542;0,226272352;0
3,08;0,02983871;0;3,081;0;0,012907609;3,08;0;0;3,088;0,103618421;0;3,047;0,087345254;0,241689751
3,61;0,027419355;0;3,588;0,000673854;0,288722826;3,588;0,208298755;0;3,599;0,172697368;0,079967024;3,567;0,081155433;0,335180055
4,12;0,014516129;0;4,101;0,000673854;0,887907609;4,099;0,263900415;0;4,111;0,079769737;0,394064303;4,089;0,165749656;1,542936288
4,63;0,010483871;0,254349627;4,612;0,002695418;1,331521739;4,605;0,243153527;0,018771331;4,619;0,032894737;1,893652102;4,596;0,202200825;1,398199446
5,15;0,008064516;0,521126761;5,119;0,194743935;1,84986413;5,111;0,287136929;0,911262799;5,128;0,019736842;3,25721352;5,102;0,135488308;1,154432133
5,66;0,003225806;0,856669428;5,627;0,178571429;2,019021739;5,626;0,107053942;1,78668942;5,633;0,010690789;2,896949711;5,611;0,078404402;0,734764543
6,17;0,001612903;1,853355427;6,143;0,163746631;1,131793478;6,137;0,08879668;0,802047782;6,138;0,009868421;2,275350371;6,133;0,051581843;0,882963989
6,68;0;1,525269263;6,656;0,248652291;0,956521739;6,649;0,049792531;0,877986348;6,644;0,076480263;2,33223413;6,654;0,038514443;1,128808864
7,19;0;0,850041425;7,17;0,223045822;1,987092391;7,16;0,034854772;1,21331058;7,151;0,018092105;0,659521847;7,162;0,021320495;1,861495845
7,71;0;2,478873239;7,681;0,083557951;1,773777174;7,676;0,019087137;1,042662116;7,662;0,012335526;0,8928277;7,672;0,015818432;1,013850416
8,22;0;2,387738194;8,193;0,130727763;2,155570652;8,191;0,013278008;0,33105802;8,167;0,037828947;1,092333059;8,179;0,011691884;0,523545706
8,73;0;2,1996686;8,709;0,193396226;2,027853261;8,702;0,009958506;0,553754266;8,684;0,037828947;1,201978566;8,692;0,009628611;0,885734072
9,25;0;1,045567523;9,223;1,092991914;0,991168478;9,213;0,005809129;0,504266212;9,192;0,115131579;1,380049464;9,201;0,065337001;1,101108033
9,75;0;0,564208782;9,731;1,021563342;1,072690217;9,721;0,063900415;0,760238908;9,701;0,215460526;1,233305853;9,715;0,098349381;1,698753463
10,27;0,008064516;0,83927092;10,241;0,723719677;0,769021739;10,242;0,241493776;0,803754266;10,207;0,288651316;1,066776587;10,233;0,052269601;2,004155125
10,79;0,014516129;1,150787075;10,754;1,404312668;0,625;10,766;0,322821577;1,045221843;10,715;0,652138158;0,697444353;10,744;0,055708391;1,677977839
11,3;0,035483871;0,850041425;11,273;1,558625337;1,08763587;11,272;0,904564315;1,067406143;11,249;1,412006579;0,581203627;11,248;0,055708391;1,108033241
11,83;0,222580645;1,226180613;11,782;1,066037736;1,019701087;11,792;1,187551867;1,133959044;11,759;1,421052632;0,737015664;11,761;0,114855571;1,249307479
12,33;0,458064516;1,251035626;12,289;1,440026954;0,980298913;12,319;1,170954357;1,107508532;12,267;0,821546053;0,830997527;12,266;0,597661623;1,139889197
12,85;0,719354839;1,398508699;12,801;1,533692722;1,014945652;12,839;1,17593361;1,338737201;12,789;1;1,000824402;12,778;0,854195323;1,274238227
13,36;0,881451613;1,330571665;13,316;0,757412399;0,699048913;13,357;0,588381743;1,29778157;13,298;1,097039474;1,190436933;13,29;0,99656121;1,243074792
13,87;1,083064516;1,314830157;13,841;0,628706199;1,0625;13,869;0,776763485;1,16552901;13,806;0,954769737;1,224237428;13,797;1,064649243;1,336565097
14,38;1,125;1,273405137;14,349;0,741913747;1,074728261;14,378;0,811618257;1,20221843;14,324;0,653782895;1,263808739;14,315;1,15130674;1,135734072
14,89;1,175806452;1,277547639;14,855;0,917115903;1,245244565;14,888;1,194190871;1,123720137;14,836;0,926809211;1,260511129;14,827;1,319807428;1,122576177
15,4;1,656451613;1,270919635;15,374;1,033692722;1,370923913;15,403;1,126141079;1,110068259;15,348;1,077302632;1,137675185;15,338;1,338376891;1,078254848
15,92;1,362096774;0,98011599;15,89;1,088274933;1,411005435;15,912;0,877178423;1,104948805;15,863;1,136513158;1,067600989;15,847;1,363823934;1,061634349
16,43;0,916129032;0,912178956;16,399;1,122641509;1,186820652;16,431;0,566804979;1,102389078;16,38;0,926809211;1,43198681;16,362;1,398211829;0,922437673
16,94;0,933870968;1,001657001;16,911;0,873989218;0,966032609;16,96;0,525311203;1,086177474;16,889;1,095394737;1,38582028;16,872;1,383081155;0,815096953
17,45;0,717741935;1,048881524;17,441;0,859838275;0,898097826;17,465;0,32033195;1,058020478;17,409;1,296875;1,308326463;17,379;1,16781293;0,960526316
17,96;0,730645161;1,064623032;17,947;0,89083558;0,828125;17,97;0,458921162;0,956484642;17,923;1,305098684;1,242374279;17,889;1,010316369;1,08033241
18,47;0,796774194;1,04059652;18,467;0,907681941;0,820652174;18,478;0,66473029;0,950511945;18,451;1,350328947;1,154987634;18,406;1,100412655;1,056786704
18,99;0,691935484;1,053024027;18,976;0,811994609;1,000679348;18,984;0,836514523;0,83447099;18,959;1,029605263;1,108821105;18,926;0,953232462;1,057479224
19,5;0,994354839;1,094449047;19,481;0,797843666;0,861413043;19,495;0,880497925;0,919795222;19,473;0,916940789;1,055234955;19,439;0,808803301;1,07132964
20,02;1,164516129;1,101905551;19,987;0,766172507;0,924592391;20,009;0,723651452;0,976109215;19,989;0,938322368;1,001648805;19,962;0,786795048;1,085872576
20,52;1,133064516;1,082021541;20,496;0,751347709;0,88451087;20,519;0,707053942;1,029010239;20,51;0,833059211;1,253915911;20,473;0,927097662;1,076869806
21,04;1,020967742;1,138359569;21,003;0,778975741;0,951766304;21,027;0,962655602;1,099829352;21,027;1,004934211;1,155812036;20,98;0,869325997;0,992382271
21,55;1,017741935;1,157415079;21,512;0,817385445;1,011548913;21,53;0,999170124;1,101535836;21,541;0,901315789;0,962901896;21,495;0,832874828;1,01800554
22,06;1,096774194;1,12013256;22,025;0,907681941;1,023777174;22,035;1,02406639;1,097269625;22,053;0,727796053;0,996702391;22,004;0,925722146;0,993767313
22,57;1,05;1,038111019;22,538;0,942722372;1,060461957;22,559;1,030705394;1,071672355;22,57;0,796052632;1,056059357;22,51;0,818431912;0,995152355
23,07;0,95;1,014913007;23,045;0,958894879;1,09986413;23,088;1,068049793;1,040955631;23,1;0,643092105;1,110469909;23,016;0,797111417;0,989612188
23,59;0,867741935;1,034797017;23,552;0,950808625;1,072690217;23,592;1,023236515;1,043515358;23,614;0,782894737;1,045342127;23,552;0,894085282;0,993767313
24,1;0,683870968;1,010770505;24,065;0,922506739;1,041440217;24,107;1,036514523;0,993174061;24,122;0,806743421;1,112118714;24,065;0,899587345;0,974376731
24,62;0,720967742;0,991714996;24,58;0,980458221;1,021059783;24,625;0,972614108;1,009385666;24,627;0,921052632;1,110469909;24,572;0,982118294;1,004847645
25,15;0,932258065;0,996685998;25,095;1,109838275;0,948369565;25,135;0,985892116;0,981228669;25,136;0,994243421;1,070898599;25,078;1,01650619;1,013157895
25,67;0,868548387;1,009113505;25,605;1,088948787;0,913043478;25,646;1,004979253;0,9778157;25,643;1,010690789;1,036273702;25,583;1,035075653;1,013850416
26,18;0,679032258;0,997514499;26,111;1,117250674;0,894021739;26,157;0,973443983;0,976109215;26,151;1,006578947;0,994229184;26,093;1,041953232;1,022853186
26,69;0,883064516;1;26,618;1,086927224;0,914402174;26,667;0,84813278;0,973549488;26,665;0,988486842;0,981863149;26,599;0,923658872;1,018698061
27,2;0,892741935;1,009942005;27,129;1,102425876;0,92798913;27,184;0,941078838;0,980375427;27,175;0,976151316;0,891178895;27,103;0,964236589;1,01800554
27,7;0,8;1,009942005;27,644;1,112533693;1,020380435;27,704;0,954356846;0,983788396;27,683;0,954769737;0,974443528;27,607;0,914030261;1,011080332
28,23;0,924193548;1,021541011;28,154;1,145552561;0,982336957;28,22;0,960165975;0,999146758;28,185;0,927631579;1,018136851;28,114;0,955983494;1,005540166
28,74;0,991935484;1,029826015;28,656;1,105121294;0,985733696;28,733;0,965145228;1,013651877;28,699;1,005756579;1,005770816;28,626;1;1,009695291
29,25;1,005645161;1,016570008;29,171;1,099730458;0,985054348;29,247;1,006639004;1,007679181;29,215;1;0,983511954;29,145;1,021320495;1,008310249
29,77;1,031451613;1,028169014;29,677;1,150943396;0,975543478;29,756;1,019917012;1,023890785;29,722;0,966282895;0,953009068;29,65;1,025447043;1,012465374
30,28;1,041129032;1,029826015;30,182;1,111185984;0,983695652;30,268;1,019087137;1,023890785;30,23;0,972861842;0,97856554;30,161;1,014442916;1,014542936
30,78;1,028225806;1,031483016;30,689;1,050539084;0,996603261;30,781;1,012448133;1,032423208;30,738;1,048519737;0,983511954;30,674;1,026134801;1,037396122
31,29;1,029032258;1,028169014;31,194;1,013477089;0,999320652;31,293;1,029045643;1,035836177;31,247;1,032894737;1;31,183;1,035763411;1,023545706
31,8;1,007258065;1,028997514;31,699;1,03638814;1,02513587;31,798;1,00746888;1,013651877;31,762;1,000822368;1,012366035;31,692;1,052957359;1,005540166
32,31;1,00483871;1,014084507;32,211;1,05458221;1,008152174;32,308;1,001659751;1,013651877;32,272;0,994243421;1,014839242;32,205;1,067400275;0,997229917
32,83;1,018548387;1,004971002;32,721;1,059973046;0,995923913;32,822;1,004979253;1,015358362;32,785;0,994243421;1,018961253;32,716;1,045392022;0,995152355
33,33;1,015322581;1,004142502;33,231;1,041105121;1,002038043;33,331;0,979253112;1,007679181;33,297;0,999177632;1,036273702;33,234;1,038514443;1,008310249
33,84;1,006451613;1,001657001;33,74;1,010107817;1,010869565;33,839;0,981742739;1,005119454;33,801;0,991776316;1,04286892;33,755;1,032324622;0,998614958
34,35;1,004032258;1,008285004;34,254;1,009433962;0,997961957;34,346;0,999170124;1,002559727;34,311;1,002467105;1,027205276;34,275;1,026134801;1,004155125
34,87;0,994354839;0,998342999;34,772;1,003369272;0,983016304;34,856;0,997510373;1,002559727;34,831;1,009868421;1,022258862;34,786;1,034387895;1,031163435
35,37;0,990322581;0,9991715;35,28;1,017520216;0,97826087;35,365;1;1,002559727;35,343;1,003289474;0,994229184;35,297;1,028198074;1,014542936
35,88;1;0,995028998;35,79;0,997304582;0,983016304;35,871;0,996680498;1,002559727;35,85;0,999177632;0,973619126;35,813;1,025447043;1
36,39;1,00483871;1,004142502;36,303;1,001347709;0,996603261;36,379;1,002489627;1,006825939;36,367;0,989309211;0,990931575;36,325;1,023383769;1,00900277
36,91;1,008064516;1,005799503;36,819;0,998652291;1,039402174;36,902;1,004149378;1,010238908;36,877;0,972861842;1,004946414;36,838;1,019257221;1,014542936
37,41;1,00483871;1,004971002;37,335;1,000673854;1,034646739;37,419;0,995850622;1,007679181;37,387;0,969572368;1,009068425;37,349;1,025447043;1,009695291
37,92;1;1,0008285;37,863;0,998652291;1,020380435;37,927;0,989211618;1,009385666;37,903;0,960526316;0,998351195;37,864;1,032324622;1,002077562
38,44;1,009677419;1,002485501;38,37;0,999326146;1,001358696;38,438;1;1,009385666;38,412;0,978618421;0,985985161;38,372;1,027510316;1
38,96;1,008064516;1,004142502;38,872;0,995956873;1,004755435;38,952;0,995850622;1,007679181;38,936;0,982730263;0,988458368;38,888;1,022696011;1,003462604
39,47;1,006451613;1,004142502;39,388;0,994609164;1;39,461;0,994190871;1,008532423;39,453;0,972861842;0,993404782;39,404;1,019944979;1,006232687
39,98;1,000806452;1,004971002;39,897;1,000673854;0,999320652;39,967;0,998340249;1,010238908;39,962;0,988486842;0,990107172;39,922;1,017881706;1,003462604
40,5;0,997580645;1,003314002;40,407;0,99393531;0,997961957;40,478;1,001659751;1,009385666;40,484;0,988486842;0,994229184;40,444;1,015130674;1,005540166
41,01;0,997580645;1,004142502;40,918;0,995283019;1,001358696;40,986;1,001659751;1,01109215;40,999;0,985197368;0,998351195;40,958;1,0130674;1,003462604
41,51;0,996774194;1,003314002;41,428;0,991913747;1,002038043;41,513;0,998340249;1,005972696;41,511;0,988486842;0,997526793;41,469;1,011004127;1
42,03;0,995967742;1,002485501;41,95;0,990566038;1,008152174;42,025;1;1,005119454;42,018;0,999177632;1,005770816;41,986;1,007565337;0,999307479
42,54;1,000806452;1,0008285;42,461;0,994609164;1,007472826;42,536;0,998340249;1,003412969;42,535;0,999177632;1,007419621;42,496;1,0130674;0,999307479
43,06;1,003225806;0,9991715;42,972;0,998652291;1,002038043;43,042;1,001659751;1,004266212;43,053;0,999177632;1,008244023;43,006;1,011004127;1,000692521
43,56;1,002419355;1;43,483;1;0,995244565;43,554;1,001659751;1,002559727;43,567;1,003289474;1,006595218;43,523;1,006189821;1,002770083
44,08;1,002419355;1;43,992;0,999326146;0,992527174;44,083;1,004149378;1,003412969;44,078;1,004934211;1,004946414;44,025;1,006877579;1,000692521
44,6;1,002419355;1,0008285;44,506;1,001347709;1,001358696;44,599;1,001659751;1,003412969;44,584;1,002467105;1;44,545;1,009628611;1,001385042
45,11;1,002419355;1,003314002;45,019;1,001347709;1,005434783;45,116;0,997510373;1,003412969;45,101;1;0,995053586;45,051;1,008940853;1,001385042
45,62;1,003225806;1,001657001;45,536;1,000673854;1,004755435;45,631;0,999170124;1,004266212;45,606;1;1;45,566;1,006877579;1,002770083
46,14;0,999193548;1,003314002;46,051;1,009433962;0,999320652;46,14;1,000829876;1,004266212;46,117;0,999177632;1,002473207;46,078;1,009628611;1,002770083
46,65;1,000806452;1,001657001;46,559;1,008086253;0,999320652;46,65;1,004149378;1,003412969;46,624;1,000822368;1,005770816;46,593;1,008940853;1,002077562
47,16;1,004032258;1,001657001;47,065;1,008086253;1,002038043;47,178;1,004149378;1,005119454;47,126;1;1,003297609;47,108;1,008253095;1,002770083
47,69;1,003225806;1,002485501;47,568;1,003369272;1,001358696;47,693;1,004149378;1,005119454;47,633;0,999177632;0,999175598;47,615;1,002751032;1,003462604
48,21;1,001612903;1,002485501;48,088;1,008086253;1,001358696;48,201;1,002489627;1,005119454;48,146;0,998355263;1;48,133;1,002751032;1,004847645
48,73;1,003225806;1,002485501;48,598;1,011455526;1,000679348;48,712;1,002489627;1,003412969;48,657;0,996710526;1;48,645;1,002063274;1,004155125
49,24;1,003225806;1,003314002;49,103;1,009433962;1;49,225;1,004149378;1,001706485;49,164;1,001644737;1,002473207;49,153;1,002063274;1,004155125
49,76;1,004032258;1,002485501;49,616;1,004043127;1,002038043;49,733;1,003319502;1,002559727;49,68;1,002467105;1,003297609;49,675;1,002063274;1,004847645
50,27;1,004032258;1,003314002;50,124;1,004043127;1;50,233;1,004149378;1,003412969;50,188;0,997532895;1,004946414;50,189;1,001375516;1,004847645
50,78;1,002419355;1,001657001;50,633;1,001347709;0,998641304;50,753;1,004149378;1,003412969;50,705;0,990131579;1,004946414;50,7;1,004126547;1,003462604
51,29;1,001612903;1,001657001;51,146;1,000673854;0,998641304;51,265;1,003319502;1,002559727;51,209;0,994243421;1,003297609;51,208;1,00343879;1,004155125
51,8;1,001612903;1,0008285;51,652;1,003369272;0,999320652;51,772;1,003319502;1,002559727;51,72;0,984375;1,004122012;51,714;1,00343879;1,004155125
52,32;1,001612903;1,0008285;52,167;1,001347709;0,997282609;52,282;1,004149378;1,001706485;52,222;0,984375;1,004946414;52,225;1,00343879;1,004155125
52,82;1,001612903;1,0008285;52,682;1,002695418;0,997282609;52,8;1,004149378;1,002559727;52,732;0,986842105;1,004122012;52,74;1,001375516;1,004847645
53,33;1,001612903;1;53,201;1,005390836;0,998641304;53,313;1,003319502;1,002559727;53,239;0,986019737;0,999175598;53,246;1,002751032;1,004847645
53,83;1,000806452;1,0008285;53,713;1,008086253;0,999320652;53,826;1,003319502;1,001706485;53,752;0,990953947;0,995877988;53,756;1,00343879;1,004155125
54,34;1,001612903;1,0008285;54,229;1,005390836;1,000679348;54,337;1,004149378;1,001706485;54,262;0,992598684;0,996702391;54,272;1,002063274;1,004847645
54,85;1,002419355;1,0008285;54,739;1,004716981;1,001358696;54,848;1,004149378;1,001706485;54,776;0,993421053;0,998351195;54,779;1,002751032;1,005540166
55,36;1,001612903;1,001657001;55,252;1,004716981;0,999320652;55,353;1,003319502;1,001706485;55,297;0,992598684;1,003297609;55,29;1,004814305;1,005540166
55,87;1,002419355;1,0008285;55,763;1,004043127;0,998641304;55,864;1,000829876;1,002559727;55,807;0,996710526;1,003297609;55,801;1,00343879;1,006232687
56,38;1,002419355;1,0008285;56,271;1,004043127;0,997961957;56,382;1,002489627;1,001706485;56,317;0,995888158;1,002473207;56,313;1,00343879;1,006232687
56,9;1,002419355;1,0008285;56,778;1,004043127;0,997961957;56,893;1,002489627;1,002559727;56,828;0,996710526;1,001648805;56,832;1,004126547;1,005540166
57,41;1,002419355;1,0008285;57,294;1,004043127;0,997961957;57,396;1;1,002559727;57,362;0,997532895;1,000824402;57,344;1,004126547;1,005540166
57,94;1,001612903;1,0008285;57,803;1,003369272;0,997961957;57,909;1,001659751;1,001706485;57,874;0,998355263;0,999175598;57,855;1,004126547;1,004847645
58,46;1,001612903;1,001657001;58,313;1,002695418;0,998641304;58,419;1,002489627;1,001706485;58,401;0,998355263;0,999175598;58,365;1,004126547;1,004847645
58,97;1,001612903;1,0008285;58,819;1,003369272;0,998641304;58,93;1;1,001706485;58,906;0,998355263;1,001648805;58,871;1,004814305;1,004847645
59,47;1;1,0008285;59,33;1,002695418;0,999320652;59,444;0,999170124;1,001706485;59,421;0,999177632;1,002473207;59,381;1,004814305;1,004847645
59,99;1,001612903;1,0008285;59,842;1,000673854;1;59,961;1,000829876;1,001706485;59,936;0,999177632;1,002473207;59,89;1,004814305;1,004847645
60,5;1,001612903;1,0008285;60,35;0,999326146;0,999320652;60,473;1;1,001706485;60,448;0,999177632;1,002473207;60,393;1,004126547;1,004847645
61,02;1,001612903;1,0008285;60,862;0,999326146;0,998641304;60,983;1;1,001706485;60,96;1;1,002473207;60,903;1,004126547;1,004847645
61,53;1,001612903;1,0008285;61,377;1;0,999320652;61,492;1;1,001706485;61,473;0,999177632;1,001648805;61,416;1,004126547;1,004847645
62,05;1,001612903;1,001657001;61,89;1,001347709;0,999320652;62,001;0,998340249;1,001706485;61,993;0,998355263;1,001648805;61,922;1,004814305;1,004847645
62,56;1,001612903;1,001657001;62,408;1,001347709;1;62,512;1,000829876;1,001706485;62,509;0,997532895;1,001648805;62,431;1,002751032;1,004847645
63,08;1,001612903;1,0008285;62,933;1,000673854;1;63,025;1,000829876;1,001706485;63,027;1;1;62,937;1,00343879;1,004847645
63,59;1,001612903;1,001657001;63,441;1;1;63,543;1;1,001706485;63,562;1;1,000824402;63,442;1,005502063;1,004847645
64,1;1,000806452;1,001657001;63,956;1;0,999320652;64,049;1,000829876;1,001706485;64,076;0,999177632;1,001648805;63,963;1,005502063;1,004847645
64,6;1,000806452;1,001657001;64,466;0,999326146;0,999320652;64,558;1,001659751;1,001706485;64,59;0,999177632;1,000824402;64,473;1,005502063;1,004847645
65,11;1,000806452;1,001657001;64,977;0,999326146;0,999320652;65,073;1,001659751;1,001706485;65,099;0,999177632;1,000824402;64,983;1,004126547;1,004847645
65,63;1,001612903;1,001657001;65,483;1;1;65,575;1,002489627;1,001706485;65,608;0,999177632;1,000824402;65,491;1,004126547;1,004155125
66,14;1,000806452;1,001657001;65,998;1,000673854;1;66,091;1,002489627;1,001706485;66,118;0,998355263;1;66,001;1,004126547;1,004155125
66,66;1,000806452;1,001657001;66,512;1,001347709;1;66,606;1,001659751;1,001706485;66,629;0,999177632;1,000824402;66,512;1,004126547;1,004155125
67,18;1,001612903;1,001657001;67,016;1,001347709;1;67,11;1,001659751;1,001706485;67,137;1,000822368;1,000824402;67,023;1,004814305;1,004155125
67,69;1,001612903;1,0008285;67,526;1,002021563;1;67,626;1,001659751;1,001706485;67,652;0,998355263;1,000824402;67,535;1,004814305;1,004155125
68,2;1,000806452;1,001657001;68,042;1,001347709;1;68,139;1,001659751;1,001706485;68,156;0,999177632;1,001648805;68,058;1,005502063;1,004155125
68,71;1,000806452;1,001657001;68,549;1,000673854;0,999320652;68,648;1,000829876;1,001706485;68,667;1,001644737;0,998351195;68,565;1,004814305;1,004155125
69,21;1,000806452;1,001657001;69,059;1;1;69,158;1,001659751;1,001706485;69,172;1,000822368;0,999175598;69,076;1,004126547;1,004155125
69,72;1,000806452;1,001657001;69,569;1;1;69,666;1,001659751;1,001706485;69,689;1,001644737;1,000824402;69,589;1,004126547;1,004155125
70,23;1,000806452;1,001657001;70,081;1;1;70,177;1,001659751;1,001706485;70,197;1,000822368;1,000824402;70,099;1,004814305;1,004155125
70,73;1,000806452;1,001657001;70,602;1;1;70,688;1,001659751;1,001706485;70,705;1,001644737;1,000824402;70,607;1,00343879;1,004155125
71,24;1,000806452;1,001657001;71,112;1,000673854;0,999320652;71,195;1,001659751;1,001706485;71,222;1,000822368;1,000824402;71,116;1,00343879;1,004155125
71,75;1,000806452;1,001657001;71,623;1,000673854;0,999320652;71,707;1,001659751;1,001706485;71,74;1,001644737;1,000824402;71,63;1,002751032;1,004155125
72,26;1,000806452;1,001657001;72,136;1,000673854;1;72,234;1,002489627;1,001706485;72,243;1,001644737;1;72,139;1,000687758;1,004155125
72,77;1,000806452;1,001657001;72,648;1,000673854;1;72,752;1,001659751;1,000853242;72,755;1,000822368;1;72,653;1,002751032;1,004155125
73,28;1,000806452;1,001657001;73,158;1,000673854;0,999320652;73,253;1,001659751;1,000853242;73,266;1,000822368;1;73,17;1,002063274;1,003462604
73,8;1,000806452;1,001657001;73,669;1,002021563;0,999320652;73,76;1,001659751;1,000853242;73,78;1,000822368;1,000824402;73,688;1,002063274;1,003462604
74,31;1,002419355;1,001657001;74,177;1,000673854;0,999320652;74,274;1,001659751;1,000853242;74,3;1,000822368;1;74,204;1,002751032;1,003462604
74,82;1,001612903;1,001657001;74,682;1,000673854;0,999320652;74,782;1,000829876;1,001706485;74,811;1,001644737;1;74,717;1,00343879;1,004155125
75,33;1,000806452;1,001657001;75,193;1,000673854;0,999320652;75,286;1,001659751;1,001706485;75,323;1,000822368;1;75,24;1,00343879;1,004155125
75,84;1,000806452;1,001657001;75,702;1;0,999320652;75,812;1,001659751;1,000853242;75,837;1,001644737;1;75,752;1,000687758;1,004155125
76,35;1,000806452;1,001657001;76,216;1;0,999320652;76,325;1,001659751;1,000853242;76,351;1,000822368;1;76,261;0,999312242;1,004155125
76,86;1,000806452;1,001657001;76,724;1;0,999320652;76,836;1,000829876;1,000853242;76,863;0,998355263;1;76,775;1;1,004155125
77,37;0,999193548;1,001657001;77,235;1;0,999320652;77,345;1,001659751;1,000853242;77,37;1;1;77,307;1,000687758;1,004155125
77,88;0,997580645;1,0008285;77,745;0,999326146;0,999320652;77,865;1,000829876;1,000853242;77,89;1,000822368;1,000824402;77,817;1,000687758;1,004155125
78,38;0,998387097;1,001657001;78,274;1;0,999320652;78,37;1;1;78,401;1,000822368;1;78,328;1,002751032;1,004155125
78,9;0,999193548;1,001657001;78,793;1;0,999320652;78,876;1,000829876;1;78,912;1,001644737;1;78,838;1,002751032;1,004847645
79,41;0,998387097;1,0008285;79,31;1;0,999320652;79,386;1,000829876;1,000853242;79,423;1,001644737;1,000824402;79,347;1,00343879;1,004847645
79,91;0,998387097;1,0008285;79,821;0,999326146;0,999320652;79,896;1;1,000853242;79,936;1,001644737;1,000824402;79,857;1,00343879;1,004155125
80,44;0,999193548;1,0008285;80,327;0,999326146;0,999320652;80,408;0,999170124;1,000853242;80,442;1,001644737;1,000824402;80,376;1,002751032;1,004847645
80,95;0,999193548;1,0008285;80,838;0,999326146;1;80,919;1,000829876;1,000853242;80,968;1,001644737;1;80,884;1,002063274;1,004155125
81,46;1;1,0008285;81,351;0,999326146;1;81,428;1,000829876;1,000853242;81,477;1,000822368;1,000824402;81,392;1,002063274;1,004155125
81,96;1;1,0008285;81,866;0,999326146;1;81,933;1,000829876;1,000853242;81,99;1,000822368;1,000824402;81,913;1,002751032;1,004155125
82,47;1;1,0008285;82,377;1;1;82,441;1,000829876;1,000853242;82,499;1,000822368;1;82,425;1,00343879;1,004155125
82,99;1;1,0008285;82,909;1;1;82,951;1,000829876;1,000853242;83,034;1;1;82,934;1,00343879;1,004155125
83,49;1,000806452;1,0008285;83,419;1;1;83,466;1,000829876;1,000853242;83,545;1,000822368;1;83,445;1,00343879;1,004155125
84;1,000806452;1,0008285;83,929;1;1;83,973;1;1,000853242;84,058;1,000822368;1;83,958;1,00343879;1,004155125
84,53;1;1,0008285;84,444;1;1;84,477;1,000829876;1,000853242;84,566;1;0,999175598;84,467;1,00343879;1,004155125
85,04;1;1,0008285;84,959;1;1;84,991;1,000829876;1,000853242;85,081;1;1;84,986;1,00343879;1,004155125
85,56;1,000806452;1,0008285;85,473;1;1;85,5;1,000829876;1,000853242;85,599;0,999177632;1;85,497;1,004126547;1,004155125
86,08;1,000806452;1,0008285;85,983;1;1;86,007;1,000829876;1,000853242;86,109;1,000822368;1;86,007;1,00343879;1,004155125
86,59;1,000806452;1,0008285;;;;86,518;1,000829876;1,000853242;86,628;1,000822368;1;86,516;1,00343879;1,004155125
87,09;1,000806452;1,0008285;;;;87,031;1,000829876;1,000853242;87,141;1,001644737;1;87,027;1,004126547;1,004155125
87,6;1;1,0008285;;;;87,537;1,000829876;1,000853242;87,654;1,001644737;1;87,539;1,004126547;1,004155125
88,12;1;1,0008285;;;;88,047;1,000829876;1,000853242;88,158;1,000822368;1;88,047;1,004126547;1,004155125
88,63;1;1,0008285;;;;88,554;1,000829876;1,000853242;88,665;1,000822368;1;88,56;1,004126547;1,004155125
89,14;1;1,0008285;;;;89,067;1,000829876;1,000853242;89,173;1,000822368;1;89,063;1,004126547;1,004155125
89,65;1;1,0008285;;;;89,577;1,000829876;1,000853242;89,676;1,000822368;1;89,574;1,004126547;1,004155125
90,16;0,999193548;1,0008285;;;;90,088;1,000829876;1,001706485;90,185;1,000822368;1;90,081;1,00343879;1,003462604
90,67;0,996774194;1,0008285;;;;90,599;1,000829876;1,001706485;90,719;1,000822368;1;90,584;1,00343879;1,003462604
91,17;0,998387097;1,0008285;;;;91,117;1;1,001706485;91,223;1;1;91,107;1,00343879;1,003462604
91,69;0,999193548;1,0008285;;;;91,637;1;1,001706485;91,739;1;1;91,62;1,00343879;1,003462604
92,21;0,999193548;1,0008285;;;;92,162;1,000829876;1,001706485;92,274;1;1;92,135;1,00343879;1,003462604
92,72;1;1,0008285;;;;92,675;1,000829876;1,001706485;92,786;1;1;92,647;1,00343879;1,003462604
93,23;1,000806452;1,0008285;;;;93,186;1,000829876;1,001706485;93,296;1;1;93,17;1,00343879;1,003462604
93,74;1,000806452;1,0008285;;;;93,695;1,000829876;1,001706485;93,81;0,999177632;1;93,681;1,00343879;1,003462604
94,25;1,000806452;1,0008285;;;;94,21;1;1,001706485;94,338;0,999177632;1;94,2;1,00343879;1,003462604
94,77;1,000806452;1,0008285;;;;94,723;1;1,001706485;94,852;0,999177632;1;94,711;1,004126547;1,003462604
95,27;1,000806452;1,0008285;;;;95,236;1,000829876;1,001706485;95,361;0,999177632;1;95,223;1,004126547;1,003462604
95,78;1,000806452;1,0008285;;;;95,744;1,000829876;1,001706485;95,879;1;1;95,738;1,004126547;1,003462604
96,3;1,000806452;1,0008285;;;;96,252;1,000829876;1,001706485;96,387;1;1,000824402;96,249;1,00343879;1,003462604
96,8;1,000806452;1,0008285;;;;96,762;1,000829876;1,001706485;96,916;1;1;96,761;1,00343879;1,002770083
97,32;1,000806452;1,0008285;;;;97,267;1,000829876;1,001706485;97,423;1;1;97,27;1,00343879;1,002770083
97,83;1,000806452;1,0008285;;;;97,774;1,000829876;1,001706485;97,937;1;1;97,78;1,00343879;1,002770083
98,34;1,000806452;1;;;;98,283;1;1,001706485;98,45;0,999177632;1,000824402;98,297;1,00343879;1,002770083
98,85;1,000806452;1;;;;98,793;1;1,001706485;98,951;1;1,000824402;98,806;1,002751032;1,002770083
99,36;1,000806452;1;;;;99,301;1;1,001706485;99,479;1;1,000824402;99,317;1,002751032;1,002770083
99,87;1;1;;;;99,812;1;1,001706485;99,989;1;1,000824402;99,823;1,002751032;1,002770083
100,38;1,000806452;1;;;;100,325;1;1,001706485;100,502;1;1,000824402;100,335;1,002751032;1,002770083
100,89;1,000806452;1;;;;100,845;1;1,001706485;101,02;1;1,000824402;100,849;1,002751032;1,002770083
101,4;1,000806452;1;;;;101,352;1;1,001706485;101,526;1;1,000824402;101,354;1,002751032;1,002770083
101,91;1,000806452;1;;;;101,86;1;1,001706485;102,041;1;1,000824402;101,871;1,002751032;1,002770083
102,43;1,000806452;1;;;;102,371;1;1,001706485;102,549;1;1,000824402;102,375;1,002751032;1,002770083
102,94;1;1;;;;102,882;1;1,000853242;103,061;1;1,000824402;102,883;1,002751032;1,002770083
103,45;1;1;;;;103,39;1,000829876;1,001706485;103,58;1;1,000824402;103,391;1,002751032;1,002770083
103,96;1;1;;;;103,904;1;1,000853242;104,125;1;1,000824402;103,899;1,002063274;1,002770083
104,48;1;1;;;;104,43;1;1,000853242;104,632;1;1,000824402;104,407;1,002751032;1,002770083
104,98;1;1;;;;104,942;1;1,000853242;105,142;1;1,000824402;104,926;1,002751032;1,002770083
105,5;1;1;;;;105,448;1;1,000853242;105,65;1;1,000824402;105,435;1,002751032;1,002770083
106,01;1;1;;;;105,955;1;1,000853242;106,152;0,999177632;1,000824402;105,946;1,002063274;1,002770083
106,52;1;1;;;;106,464;1;1,000853242;106,668;1;1,000824402;106,455;1,002063274;1,002770083
107,03;1;1;;;;106,998;1;1,000853242;107,172;1;1,000824402;106,967;1,002063274;1,002770083
107,54;1;1;;;;107,507;1;1,000853242;107,681;1;1;107,477;1,002063274;1,002770083
108,05;1;1;;;;108,013;1;1,000853242;108,189;1,000822368;1,000824402;107,999;1,002063274;1,002770083
108,56;1;1;;;;108,523;1;1,000853242;108,697;1,000822368;1,000824402;108,504;1,002063274;1,002770083
109,07;1;1,0008285;;;;109,046;1;1,000853242;109,2;1,000822368;1,000824402;109,011;1,002063274;1,002770083
109,59;1;1,0008285;;;;109,555;1;1,000853242;109,716;1,000822368;1,000824402;109,521;1,002063274;1,002770083
110,1;1;1,0008285;;;;110,063;1,000829876;1,000853242;110,237;1,000822368;1,000824402;110,027;1,002063274;1,002770083
110,61;1;1,0008285;;;;110,576;1,000829876;1,000853242;110,755;1,000822368;1,000824402;110,537;1,002063274;1,002770083
111,12;1;1,0008285;;;;111,093;1,000829876;1,000853242;111,287;1,000822368;1,000824402;111,047;1,002063274;1,002770083
111,63;1;1,0008285;;;;111,602;1,000829876;1,000853242;111,81;1,000822368;1;111,556;1,002063274;1,002770083
112,14;1;1,0008285;;;;112,111;1,000829876;1,000853242;112,327;1,000822368;1;112,066;1,002063274;1,003462604
112,65;1;1,0008285;;;;112,62;1,000829876;1,000853242;112,836;1,000822368;1;112,569;1,002063274;1,003462604
113,16;1;1,0008285;;;;113,128;1,000829876;1;113,351;1,000822368;1;113,093;1,001375516;1,002770083
113,67;1,000806452;1,0008285;;;;113,638;1,000829876;1;113,862;1,000822368;1;113,609;1,002063274;1,002770083
114,18;1,000806452;1,0008285;;;;114,151;1,000829876;1;114,374;1,000822368;1;114,118;1,002063274;1,002770083
114,7;1,000806452;1,0008285;;;;114,66;1,000829876;1;114,891;1,000822368;1;114,629;1,002063274;1,002770083
115,21;1,000806452;1,0008285;;;;115,177;1,000829876;1;115,402;1,000822368;1;115,14;1,002063274;1,003462604
115,72;1,000806452;1,0008285;;;;115,703;1,000829876;1;115,921;1,000822368;1;115,649;1,002063274;1,002770083
116,24;1,000806452;1,0008285;;;;116,21;1,000829876;1;116,434;1,000822368;1;116,163;1,002063274;1,003462604
116,75;1,000806452;1,0008285;;;;116,719;1;1;116,951;1,000822368;1;116,678;1,002063274;1,002770083
117,25;1,000806452;1,0008285;;;;117,226;1;1;117,468;1,000822368;1;117,184;1,002063274;1,002770083
117,76;1,000806452;1,0008285;;;;;;;117,984;1,000822368;1;117,702;1,002063274;1,002770083
118,28;1,000806452;1,0008285;;;;;;;118,494;1,000822368;1;118,212;1,002063274;1,002770083
118,79;1,000806452;1;;;;;;;119,008;1,000822368;0,999175598;118,717;1,002063274;1,002770083
119,29;1,000806452;1;;;;;;;119,525;1;1;119,243;1,002751032;1,002077562
119,8;1,000806452;1;;;;;;;120,034;1,000822368;0,999175598;119,748;1,002751032;1,002077562
120,32;1,000806452;1;;;;;;;120,548;1;0,999175598;120,26;1,002751032;1,002077562
120,82;1,000806452;1;;;;;;;121,07;1;1;120,766;1,002063274;1,002077562
121,33;1,000806452;1;;;;;;;121,583;1;0,999175598;121,282;1,002063274;1,002077562
121,84;1,000806452;1;;;;;;;122,099;1;1;121,797;1,002063274;1,002077562
122,34;1,000806452;1;;;;;;;122,618;1;1;122,308;1,002063274;1,002077562
122,86;1,000806452;1;;;;;;;123,129;1;1;122,813;1,002063274;1,002077562
123,37;1,000806452;1;;;;;;;123,644;1;1;123,315;1,002063274;1,002077562
123,88;1,000806452;1;;;;;;;124,147;1;1;123,827;1,002063274;1,002077562
124,38;1,000806452;1;;;;;;;124,665;1;1;124,338;1,002063274;1,002077562
124,9;1,000806452;1;;;;;;;125,168;1;1;124,848;1,002063274;1,002077562
125,4;1,000806452;1;;;;;;;125,684;1;1;125,374;1,001375516;1,002077562
125,91;1,000806452;1;;;;;;;126,193;1;1;125,891;1,001375516;1,002077562
126,42;1,000806452;1;;;;;;;126,706;1;1;126,404;1,001375516;1,002077562
126,93;1,000806452;1;;;;;;;127,232;1;1;126,922;1,001375516;1,002077562
127,44;1,000806452;1;;;;;;;127,74;1;1;127,435;1,001375516;1,002077562
127,95;1,000806452;1;;;;;;;128,252;1;1;127,953;1,001375516;1,002077562
128,46;1,000806452;1;;;;;;;128,763;1;1;128,457;1,001375516;1,002077562
128,96;1,000806452;1;;;;;;;;;;128,977;1,001375516;1,002077562
129,47;1,000806452;1;;;;;;;;;;129,498;1,001375516;1,002077562
129,97;1,000806452;1;;;;;;;;;;130,01;1,001375516;1,002077562
130,48;1,000806452;1;;;;;;;;;;130,523;1,001375516;1,002770083
131;1,000806452;1;;;;;;;;;;131,027;1,001375516;1,002077562
131,51;1,000806452;1;;;;;;;;;;131,537;1,001375516;1,002077562
132,02;1,000806452;1;;;;;;;;;;132,051;1,000687758;1,002077562
132,55;1,000806452;1;;;;;;;;;;132,566;1,001375516;1,002077562
133,05;1,000806452;1;;;;;;;;;;133,076;1,001375516;1,002077562
133,57;1,000806452;1;;;;;;;;;;133,589;1,001375516;1,002077562
134,07;1,000806452;0,9991715;;;;;;;;;;134,103;1,001375516;1,002077562
134,58;1,000806452;0,9991715;;;;;;;;;;134,604;1,001375516;1,002077562
135,09;1,000806452;0,9991715;;;;;;;;;;135,11;1,001375516;1,001385042
135,6;1;0,9991715;;;;;;;;;;135,625;1,001375516;1,001385042
136,11;1;0,9991715;;;;;;;;;;136,135;1,001375516;1,001385042
136,63;1;0,9991715;;;;;;;;;;136,651;1,000687758;1,001385042
137,15;1;0,9991715;;;;;;;;;;137,159;1,001375516;1,001385042
137,66;1;0,9991715;;;;;;;;;;137,67;1,001375516;1,001385042
138,17;1;0,9991715;;;;;;;;;;138,182;1,001375516;1,001385042
138,68;1;0,9991715;;;;;;;;;;138,69;1,001375516;1,001385042
139,2;1;0,9991715;;;;;;;;;;139,207;1,001375516;1,001385042
139,7;1;0,9991715;;;;;;;;;;139,721;1,001375516;1,001385042
140,21;1;0,9991715;;;;;;;;;;140,233;1,001375516;1,001385042
140,73;1;0,9991715;;;;;;;;;;140,744;1,000687758;1,001385042
141,25;1;0,9991715;;;;;;;;;;141,256;1,000687758;1,001385042
141,77;1;0,9991715;;;;;;;;;;141,769;1,000687758;1,001385042
142,3;1;0,9991715;;;;;;;;;;142,274;1,000687758;1,001385042
142,81;1;0,9991715;;;;;;;;;;142,78;1,000687758;1,001385042
143,32;1;0,9991715;;;;;;;;;;143,299;1;1,001385042
143,83;1;0,9991715;;;;;;;;;;143,81;1;1,001385042
144,33;1;0,9991715;;;;;;;;;;144,32;1;1,002077562
144,84;1;0,9991715;;;;;;;;;;144,833;1,000687758;1,002077562
145,35;1;0,9991715;;;;;;;;;;145,345;1,000687758;1,002077562
145,86;1;0,9991715;;;;;;;;;;145,845;1,000687758;1,002077562
146,37;1;0,9991715;;;;;;;;;;146,359;1,000687758;1,002077562
146,89;1;0,9991715;;;;;;;;;;146,872;1,000687758;1,002077562
147,41;1;1;;;;;;;;;;147,382;1,000687758;1,002077562
147,92;1;1;;;;;;;;;;147,894;1,001375516;1,002077562
148,44;1;1;;;;;;;;;;148,404;1,001375516;1,002077562
148,95;1;1;;;;;;;;;;148,921;1,001375516;1,002077562
149,45;1;1;;;;;;;;;;149,431;1,001375516;1,001385042
149,96;1;1;;;;;;;;;;149,944;1,001375516;1,001385042
150,48;0,999193548;1;;;;;;;;;;150,452;1,001375516;1,001385042
151;1;1;;;;;;;;;;150,966;1,001375516;1,001385042
151,51;0,999193548;1;;;;;;;;;;151,485;1,001375516;1,001385042
152,03;0,999193548;1;;;;;;;;;;151,992;1,001375516;1,001385042
152,54;0,999193548;1;;;;;;;;;;152,499;1,001375516;1,001385042
153,06;0,999193548;1;;;;;;;;;;153,011;1,000687758;1,001385042
153,58;0,999193548;1;;;;;;;;;;153,517;1,000687758;1,000692521
154,09;0,999193548;1;;;;;;;;;;154,028;1,000687758;1,000692521
154,61;0,999193548;1;;;;;;;;;;154,541;1,000687758;1,000692521
155,12;0,999193548;1;;;;;;;;;;155,045;1,000687758;1,000692521
155,63;0,999193548;1;;;;;;;;;;155,565;1,000687758;1,000692521
156,14;0,999193548;1;;;;;;;;;;156,076;1,000687758;1,000692521
156,66;0,999193548;1;;;;;;;;;;156,584;1,000687758;1,000692521
157,17;1;1;;;;;;;;;;157,092;1,000687758;1,000692521
157,68;0,999193548;1;;;;;;;;;;157,599;1,000687758;1,000692521
158,2;1;1;;;;;;;;;;158,112;1,000687758;1,000692521
158,72;1;1;;;;;;;;;;158,625;1,000687758;1,000692521
159,23;1;1;;;;;;;;;;159,14;1,000687758;1,000692521
159,75;1;1;;;;;;;;;;159,658;1,000687758;1,000692521
160,26;1;1;;;;;;;;;;160,165;1,000687758;1,000692521
160,77;1;1;;;;;;;;;;160,683;1,000687758;1,000692521
161,29;1;1;;;;;;;;;;161,19;1,000687758;1,000692521
161,8;1;1;;;;;;;;;;161,692;1;1,001385042
162,32;1;1;;;;;;;;;;162,208;1;1,001385042
163,33;1;1;;;;;;;;;;162,722;1;1,001385042
163,84;0,999193548;1;;;;;;;;;;163,229;1;1,001385042
164,35;1;1;;;;;;;;;;163,741;1,000687758;1,000692521
164,85;1;1;;;;;;;;;;164,259;1,000687758;1,001385042
165,36;1;1;;;;;;;;;;164,77;1,000687758;1,001385042
165,87;1;1;;;;;;;;;;165,28;1;1,001385042
166,38;1;1;;;;;;;;;;165,787;1;1,001385042
166,89;1;1;;;;;;;;;;166,297;1,000687758;1,001385042
167,4;1;1;;;;;;;;;;166,813;1,000687758;1,001385042
167,91;1;1;;;;;;;;;;167,324;1,000687758;1,001385042
168,42;1;1;;;;;;;;;;167,829;1,000687758;1,000692521
168,93;1;1;;;;;;;;;;168,356;1,000687758;1,000692521
169,44;1;1;;;;;;;;;;168,865;1,000687758;1,000692521
169,95;1;1;;;;;;;;;;169,375;1,000687758;1,000692521
170,47;1;1;;;;;;;;;;169,883;1,000687758;1
170,98;1;1;;;;;;;;;;170,401;1,000687758;1
171,5;1;1;;;;;;;;;;170,906;1,000687758;1
172,02;1;1;;;;;;;;;;171,416;1;1
;;;;;;;;;;;;171,934;1;1
;;;;;;;;;;;;172,436;1;1
;;;;;;;;;;;;172,945;1;1
;;;;;;;;;;;;173,459;1;1,000692521
;;;;;;;;;;;;173,977;1;1,000692521
;;;;;;;;;;;;174,492;1;1
;;;;;;;;;;;;174,999;1;1
;;;;;;;;;;;;175,507;1;1,000692521
;;;;;;;;;;;;176,022;1;1,000692521
;;;;;;;;;;;;176,534;0,999312242;1,000692521
;;;;;;;;;;;;177,041;1;1,000692521
;;;;;;;;;;;;177,549;0,999312242;1,000692521
;;;;;;;;;;;;178,056;1;1,000692521
;;;;;;;;;;;;178,567;1;1,000692521
;;;;;;;;;;;;179,076;1;1,000692521
;;;;;;;;;;;;179,585;1;1,000692521
;;;;;;;;;;;;180,096;1;1,000692521
;;;;;;;;;;;;180,606;1;1,000692521
;;;;;;;;;;;;181,116;1,000687758;1,000692521
;;;;;;;;;;;;181,621;1,000687758;1,000692521
;;;;;;;;;;;;182,131;1,000687758;1,000692521
;;;;;;;;;;;;182,639;1,000687758;1,000692521
;;;;;;;;;;;;183,148;1,000687758;1
;;;;;;;;;;;;183,657;1,000687758;1
;;;;;;;;;;;;184,166;1,000687758;1
;;;;;;;;;;;;184,677;1,000687758;1
;;;;;;;;;;;;185,186;1,000687758;1
;;;;;;;;;;;;185,697;1,000687758;1
;;;;;;;;;;;;186,206;1,000687758;1
;;;;;;;;;;;;186,713;1;1
;;;;;;;;;;;;187,227;1;1
;;;;;;;;;;;;187,737;1;1
;;;;;;;;;;;;188,251;0,999312242;1
;;;;;;;;;;;;188,768;0,999312242;1
;;;;;;;;;;;;189,277;1;0,999307479
;;;;;;;;;;;;189,785;1;0,999307479
;;;;;;;;;;;;190,306;1;0,999307479
;;;;;;;;;;;;190,814;0,999312242;0,999307479
;;;;;;;;;;;;191,323;0,999312242;1
;;;;;;;;;;;;191,839;0,999312242;1
;;;;;;;;;;;;192,356;0,999312242;1
;;;;;;;;;;;;192,88;0,999312242;1
;;;;;;;;;;;;193,39;0,999312242;1
;;;;;;;;;;;;193,899;0,999312242;1
;;;;;;;;;;;;194,415;0,998624484;1
;;;;;;;;;;;;194,928;0,999312242;1
;;;;;;;;;;;;195,44;0,999312242;1
;;;;;;;;;;;;195,949;0,999312242;1
;;;;;;;;;;;;196,465;0,999312242;1
;;;;;;;;;;;;196,984;0,999312242;1
;;;;;;;;;;;;197,495;0,999312242;1
;;;;;;;;;;;;198,007;1;1
